<?xml version="1.0" encoding="UTF-8"?>
<!DOCTYPE hibernate-configuration PUBLIC
          "-//Hibernate/Hibernate Configuration DTD 3.0//EN"
          "http://hibernate.sourceforge.net/hibernate-configuration-3.0.dtd">

<hibernate-configuration>

	<session-factory>
		<property name="connection.driver_class">com.mysql.cj.jdbc.Driver</property>
		<property name="connection.url">jdbc:mysql://localhost:3306/test</property>
		<property name="connection.username">root</property>
		<property name="connection.password"></property>

		<property name="dialect">org.hibernate.dialect.MySQL5Dialect</property>
		<property name="connection.pool_size">15</property>
		<property name="show_sql">true</property>
		<property name="hbm2ddl.auto">update</property>
		<property name="use_sql_comments">true</property>
		<property name="format_sql">true</property>
		<!--  mapping
			resource="com/hibernate/mapping/book.hbm.xml" />-->
			    <mapping class="com.rajan.dto.Book" /> 
	</session-factory>
</hibernate-configuration>